id,first,last,email,salary
1,Iorgo,Pressey,ipressey0@e-recht24.de,11445.59
2,Morrie,Mendenhall,mmendenhall1@statcounter.com,11938.97
3,Silas,Forsdicke,sforsdicke2@webs.com,2633.1
4,Lonna,Yter,lyter3@wisc.edu,12792.22
5,Katrine,Hostan,khostan4@edublogs.org,4752.99
6,Abrahan,Ransome,aransome5@irs.gov,5874.13
7,Vita,Ligoe,vligoe6@booking.com,10674.89
8,Wallace,Stiller,wstiller7@bloglines.com,5327.31
9,Claudian,Capstack,ccapstack8@macromedia.com,11382.99
10,Meade,Gregorio,mgregorio9@twitter.com,8382.61
11,Jami,McQuorkell,jmcquorkella@php.net,1024.55
12,Hastie,Wooller,hwoollerb@opera.com,3954.54
13,Midge,Gomby,mgombyc@soundcloud.com,13581.32
14,Samuele,Spacy,sspacyd@buzzfeed.com,9198.55
15,Maxim,Martinet,mmartinete@angelfire.com,2824.75
16,Octavius,Tessier,otessierf@cdc.gov,3569.69
17,Hendrik,Etchingham,hetchinghamg@geocities.jp,8068.43
18,Griffin,Jakaway,gjakawayh@blinklist.com,3625.7
,Brok,Cartan,,1162.43
20,Peta,Ingon,pingonj@upenn.edu,8308.59
21,Bobbette,Brokenshaw,bbrokenshawk@purevolume.com,9451.31
22,Patti,Dutnall,pdutnalll@walmart.com,14522.29
23,Emyle,Buessen,ebuessenm@si.edu,11174.53
24,Thacher,Pietrzyk,tpietrzykn@tumblr.com,5371.93
25,Elisabeth,Reisenberg,ereisenbergo@behance.net,7581.02
26,Agnesse,Tunnadine,atunnadinep@pcworld.com,7583.12
27,Karoly,Bax,kbaxq@senate.gov,11015.5
28,Yoshi,Farryann,yfarryannr@addthis.com,14801.05
29,Ilaire,Acreman,iacremans@homestead.com,9197.85
30,Rickie,Bramhall,rbramhallt@ucoz.ru,5348.28
31,Almira,Adao,aadaou@accuweather.com,1883.51
32,Iona,Jepson,ijepsonv@soup.io,
,Babbie,Inchan,,11474.65
34,Torrie,Oury,touryx@canalblog.com,5902.04
35,Mari,Westwater,mwestwatery@rediff.com,9498.88
36,Bernardo,Temperton,btempertonz@edublogs.org,7545.62
37,Rubi,Beeton,rbeeton10@yahoo.com,12598.43
38,Chandler,Finessy,cfinessy11@infoseek.co.jp,2178.53
39,Rupert,Morilla,rmorilla12@webs.com,1465.68
40,Debra,O'Scollain,doscollain13@liveinternet.ru,3336.85
41,Tess,Albro,talbro14@cnet.com,3369.25
,Sauveur,Oganian,,2511.82
43,Orran,Greenhalf,ogreenhalf16@tumblr.com,12674.31
44,Alysa,Penylton,apenylton17@google.ru,9051.98
,Hubie,Eskell,,11073.6
46,Heidi,Cristofolo,hcristofolo19@linkedin.com,2362.39
47,Francis,Dunne,fdunne1a@vimeo.com,5582.63
48,Ainslie,Gurner,agurner1b@last.fm,10564.15
49,Thoma,Poll,tpoll1c@un.org,14298.09
50,Mab,Swinglehurst,mswinglehurst1d@apple.com,
51,Wallie,Quemby,wquemby1e@yahoo.com,6312.74
52,Diane,Keer,dkeer1f@comsenz.com,3451.57
53,Rik,Redferne,rredferne1g@nyu.edu,13017.41
54,Benoit,Prandy,bprandy1h@purevolume.com,14881.3
55,Layne,Alecock,lalecock1i@deviantart.com,14443.15
56,Annecorinne,Parlatt,aparlatt1j@amazon.co.jp,3249.2
57,Tiertza,Creek,tcreek1k@cpanel.net,13693.49
58,Koenraad,Kinnock,kkinnock1l@hostgator.com,11295.42
59,Claire,Greguoli,cgreguoli1m@ebay.co.uk,12874.43
60,Shel,Kitlee,skitlee1n@opensource.org,
61,Angeline,Winscomb,awinscomb1o@alibaba.com,7118.65
62,Barnett,Ree,bree1p@spiegel.de,14470.55
63,Romona,Keady,rkeady1q@arstechnica.com,13153.65
64,Rozella,Vedenichev,rvedenichev1r@google.pl,4149.81
65,Florina,Woodburn,fwoodburn1s@adobe.com,
66,Mattie,Eaglestone,meaglestone1t@topsy.com,11400.07
67,Noella,Spirit,nspirit1u@abc.net.au,4799.79
68,Mikel,Mucillo,mmucillo1v@ycombinator.com,6916.52
69,Virgina,Antram,vantram1w@businessinsider.com,1824.65
70,Berkly,Rivlin,brivlin1x@reddit.com,
71,Keir,Gallety,kgallety1y@sogou.com,10265.9
72,Reinald,Sutch,rsutch1z@com.com,14935.4
73,Jazmin,McGirr,jmcgirr20@kickstarter.com,
74,Kalli,Banfill,kbanfill21@dot.gov,14144.79
75,Roz,Yerson,ryerson22@oaic.gov.au,14900.8
76,Elwira,Foran,eforan23@theatlantic.com,2560.48
77,Cori,Sabberton,csabberton24@noaa.gov,5142.81
78,Melina,Falkus,mfalkus25@over-blog.com,2929.29
79,Aloysia,Bawme,abawme26@yandex.ru,13722.41
80,Jabez,Govett,jgovett27@scientificamerican.com,7000.63
81,Mercie,Carme,mcarme28@ucoz.com,4371.73
82,Averill,Adamovich,aadamovich29@posterous.com,8827.0
83,Conant,Talkington,ctalkington2a@si.edu,12150.22
84,Pat,Ballaam,pballaam2b@amazonaws.com,10310.79
85,Rolfe,Reddan,rreddan2c@patch.com,14556.88
86,Pierrette,Boutellier,pboutellier2d@wired.com,8257.05
87,Cris,Franceschielli,cfranceschielli2e@vinaora.com,6087.3
88,Florella,Biasi,fbiasi2f@list-manage.com,5245.84
89,Wallis,Anwell,wanwell2g@over-blog.com,11808.82
90,Hilarius,Aubery,haubery2h@walmart.com,6574.44
91,Keely,Orneblow,korneblow2i@furl.net,4092.75
92,Halli,Hawksby,hhawksby2j@stanford.edu,
93,Nyssa,Whiteoak,nwhiteoak2k@statcounter.com,7320.44
94,Dennet,Sills,dsills2l@sciencedirect.com,7883.59
95,Giustina,Bonnick,gbonnick2m@multiply.com,5833.08
96,Normie,Carryer,ncarryer2n@behance.net,5415.44
97,Carlynne,Konerding,ckonerding2o@jimdo.com,10365.5
98,Elisabet,Sheekey,esheekey2p@narod.ru,14582.5
99,Alex,Cases,acases2q@microsoft.com,
100,Dianne,McDonagh,dmcdonagh2r@comsenz.com,1059.52
101,Alejandra,Bortolussi,abortolussi2s@posterous.com,12362.57
102,Evie,Simonett,esimonett2t@oakley.com,
103,Giulio,Roderick,groderick2u@exblog.jp,11949.5
104,Julian,Dobrowlski,jdobrowlski2v@live.com,2526.94
105,Mendy,Mundell,mmundell2w@drupal.org,12142.31
106,Paten,Haslam,phaslam2x@nsw.gov.au,4651.88
107,Genovera,Skeermer,gskeermer2y@arstechnica.com,2612.25
108,Celestyna,Franzetti,cfranzetti2z@yahoo.com,11819.66
109,Letty,Backshill,lbackshill30@prnewswire.com,12219.47
110,Scot,Gelder,sgelder31@sphinn.com,7572.12
111,Regina,Cannon,rcannon32@usgs.gov,9301.05
112,Annabal,Ivashinnikov,aivashinnikov33@comcast.net,13795.73
113,Gerrilee,Magson,gmagson34@xinhuanet.com,5965.54
114,Jada,Bougen,jbougen35@hud.gov,11213.13
115,Jolee,Berrick,jberrick36@cnet.com,1660.2
116,Baldwin,Seeds,bseeds37@artisteer.com,
117,Yolande,Spelsbury,yspelsbury38@addtoany.com,10803.27
118,Marianna,Baldick,mbaldick39@google.com.br,4564.0
119,Harrison,McCalum,hmccalum3a@pcworld.com,10129.98
120,Silvana,Attew,sattew3b@mit.edu,10006.44
121,Padgett,Bickell,pbickell3c@chron.com,7224.21
122,Damaris,Coast,dcoast3d@fda.gov,5587.12
123,Lavina,Heliot,lheliot3e@forbes.com,2472.56
124,Charley,Lainton,clainton3f@paypal.com,14158.36
125,Anna-maria,Chalk,achalk3g@mayoclinic.com,13879.14
126,Berkie,Lawless,blawless3h@npr.org,8971.17
127,Cly,Madgett,cmadgett3i@pen.io,11979.81
128,Conrado,Loakes,cloakes3j@ow.ly,5913.37
129,Alene,Broadbent,abroadbent3k@friendfeed.com,6486.99
130,Connor,Jeves,cjeves3l@va.gov,14928.03
131,Julieta,Dye,jdye3m@toplist.cz,1801.05
132,Louisette,Bargh,lbargh3n@mtv.com,
133,Jillie,Diamant,jdiamant3o@uiuc.edu,8530.51
134,Garwood,Allen,gallen3p@acquirethisname.com,2893.37
135,Hettie,Baverstock,hbaverstock3q@mtv.com,12611.81
136,Arlen,McCarroll,amccarroll3r@mapquest.com,14773.71
137,Miguela,Hillaby,mhillaby3s@blogs.com,14286.74
138,Andros,Oakenfall,aoakenfall3t@sitemeter.com,13960.63
139,Mollie,Cockren,mcockren3u@jimdo.com,10163.75
140,Kenyon,Friedank,kfriedank3v@unicef.org,7014.66
141,Iseabal,Flavelle,iflavelle3w@phpbb.com,
142,Ashton,Gianasi,agianasi3x@amazon.co.uk,10123.96
143,Deeann,Braid,dbraid3y@earthlink.net,2161.89
144,Tarah,Crucetti,tcrucetti3z@google.com.hk,8220.37
145,Leona,Feast,lfeast40@networksolutions.com,2747.02
146,Edithe,Mayzes,emayzes41@hugedomains.com,10330.29
147,Dacie,Derby,dderby42@bloglovin.com,
148,Marrilee,Fredi,mfredi43@goodreads.com,7716.98
149,Toby,Arnaldi,tarnaldi44@twitpic.com,4309.4
150,Analise,Ahrendsen,aahrendsen45@mysql.com,9463.12
151,Elonore,Balcers,ebalcers46@wunderground.com,8528.78
152,Aubert,Beddall,abeddall47@qq.com,5189.05
153,Eolanda,Benko,ebenko48@usgs.gov,12937.41
154,Syd,Waddilow,swaddilow49@booking.com,10266.87
155,Zorana,Milier,zmilier4a@unblog.fr,2384.76
156,Urban,Beechcraft,ubeechcraft4b@reddit.com,12644.92
157,Daveen,Sweynson,dsweynson4c@nih.gov,5255.77
,Ailyn,Gollop,,3122.89
159,Wilmar,Dallon,wdallon4e@elegantthemes.com,
160,Fernandina,Clowser,fclowser4f@forbes.com,1589.36
161,Norman,Shore,nshore4g@google.de,12015.19
,Garret,Van Salzberger,,4694.4
163,Patty,Moffat,pmoffat4i@google.cn,7039.77
164,Marquita,Impy,mimpy4j@mediafire.com,8234.11
165,Darcee,Clements,dclements4k@mayoclinic.com,9372.97
166,Morgan,Sansom,msansom4l@abc.net.au,14347.35
167,Alonzo,Ambrosetti,aambrosetti4m@nature.com,3260.57
168,Camala,Dunniom,cdunniom4n@wufoo.com,7693.29
169,Van,Marston,vmarston4o@umich.edu,9214.26
170,Westley,Rachuig,wrachuig4p@1und1.de,5512.13
171,Mellicent,Stanhope,mstanhope4q@nifty.com,7536.73
172,Nick,Daout,ndaout4r@intel.com,8445.46
173,Emanuel,Grabiec,egrabiec4s@infoseek.co.jp,7226.43
174,Teresa,Doyley,tdoyley4t@tiny.cc,4970.34
175,Corenda,Dreakin,cdreakin4u@cafepress.com,10302.45
176,Vinny,Archell,varchell4v@elegantthemes.com,4560.13
177,Evelin,Matyas,ematyas4w@joomla.org,10888.63
178,Arabella,Doe,adoe4x@joomla.org,14477.11
179,Felipe,Picton,fpicton4y@phoca.cz,5695.51
180,Sybille,O'Moylan,somoylan4z@histats.com,11038.41
181,Mahmud,Beevens,mbeevens50@fc2.com,7249.38
182,Mart,Thumann,mthumann51@auda.org.au,9732.93
183,Giovanni,Goodred,ggoodred52@oaic.gov.au,1675.26
184,Randa,Temperton,rtemperton53@hostgator.com,6583.59
185,Melvyn,Childes,mchildes54@spiegel.de,7902.14
186,Lorne,Dearlove,ldearlove55@dyndns.org,2792.06
187,Fergus,Conradsen,fconradsen56@e-recht24.de,2725.99
188,Myrah,Cane,mcane57@fema.gov,5043.15
,Micky,Lynas,,2942.36
190,Hatti,Bolin,hbolin59@china.com.cn,13396.23
191,Trude,Callow,tcallow5a@army.mil,12008.07
,Esther,Bruun,,3999.02
193,Ursula,Garratty,ugarratty5c@dion.ne.jp,8754.02
194,Nanette,MacKimmie,nmackimmie5d@mysql.com,11619.49
195,Sonni,Waddilove,swaddilove5e@last.fm,7946.82
196,Ora,Crowd,ocrowd5f@wix.com,2777.24
197,Annissa,Forsard,aforsard5g@sbwire.com,1860.99
198,Melitta,Jenno,mjenno5h@twitter.com,6826.47
199,Caren,Extall,cextall5i@theatlantic.com,
200,Hadleigh,Gilbard,hgilbard5j@reuters.com,12607.96
,Corby,Need,,1138.71
202,Forester,Mordecai,fmordecai5l@newsvine.com,4515.04
203,Alvis,Bjorkan,abjorkan5m@sitemeter.com,12815.54
204,Celia,Budd,cbudd5n@newsvine.com,9643.56
205,Erika,Dehm,edehm5o@macromedia.com,8467.53
206,Evelin,Cordelet,ecordelet5p@1688.com,13280.52
207,Eleonora,Ronchka,eronchka5q@sfgate.com,5535.66
208,Tiphanie,Rapaport,trapaport5r@ifeng.com,
209,Merrill,Odo,modo5s@joomla.org,13028.63
210,Emelyne,Schollick,eschollick5t@fotki.com,5309.27
211,Gerrard,Kibel,gkibel5u@oracle.com,
212,Syd,Habbijam,shabbijam5v@tinypic.com,6807.18
,Darrelle,McKenna,,11288.45
214,Vinita,Penning,vpenning5x@npr.org,14090.17
215,Carroll,Willicott,cwillicott5y@columbia.edu,8081.87
216,Rustin,Pinke,rpinke5z@ibm.com,11760.6
217,Clywd,Ellif,cellif60@studiopress.com,8652.08
,Millard,Danelutti,,12836.3
219,Gordy,Faveryear,gfaveryear62@sitemeter.com,4013.69
220,Jaime,Vargas,jvargas63@arstechnica.com,9024.76
221,Peterus,Rathjen,prathjen64@squarespace.com,12596.7
222,Margalit,Fattorini,mfattorini65@tuttocitta.it,4791.79
223,Siusan,Pagelsen,spagelsen66@odnoklassniki.ru,
224,Hertha,Fey,hfey67@va.gov,14847.23
225,Eolanda,Cadney,ecadney68@geocities.jp,7556.03
226,Allis,Feaveer,afeaveer69@google.ca,11477.38
227,Guss,Wanne,gwanne6a@tripod.com,1881.19
228,Ulrica,Stallan,ustallan6b@oracle.com,6267.9
229,Karel,Tregensoe,ktregensoe6c@symantec.com,11431.7
230,Rosanna,Cubitt,rcubitt6d@live.com,1563.22
231,Wilhelm,Ygou,wygou6e@yahoo.co.jp,9315.45
232,Flory,Brownjohn,fbrownjohn6f@eventbrite.com,7815.52
233,Corine,Stanfield,cstanfield6g@google.fr,3262.92
234,Star,Caneo,scaneo6h@feedburner.com,7009.58
235,Catherina,Corday,ccorday6i@ustream.tv,2120.55
236,La verne,Kenson,lkenson6j@mozilla.com,14386.43
237,Tye,Murfin,tmurfin6k@yale.edu,7038.39
238,Lynnea,Harkes,lharkes6l@psu.edu,2464.9
239,Easter,Kimbly,ekimbly6m@nydailynews.com,1504.77
240,Idette,Madigan,imadigan6n@hexun.com,13416.21
241,Karlee,McGibbon,kmcgibbon6o@oaic.gov.au,13413.72
242,Zea,Janway,zjanway6p@tuttocitta.it,2798.92
243,Keary,Gamage,kgamage6q@scientificamerican.com,3842.05
244,Patricia,Williscroft,pwilliscroft6r@list-manage.com,9330.25
245,Casie,Addeycott,caddeycott6s@google.fr,8775.0
246,Ricard,Johananov,rjohananov6t@furl.net,7600.89
247,Berny,Aliberti,baliberti6u@spiegel.de,3279.51
248,Reginauld,Hammill,rhammill6v@soundcloud.com,6199.38
249,Trenna,Macek,tmacek6w@sakura.ne.jp,3142.66
,Weston,Entwisle,,7563.89
251,Bennett,Bristow,bbristow6y@wisc.edu,6551.38
252,Nikoletta,Poetz,npoetz6z@state.gov,1385.35
253,Roslyn,Haylands,rhaylands70@sbwire.com,10420.4
254,Erin,Everit,eeverit71@livejournal.com,6711.25
255,Vincents,Parrish,vparrish72@macromedia.com,14618.99
256,Tomkin,Pinxton,tpinxton73@webmd.com,5377.02
257,Lura,Huband,lhuband74@dedecms.com,11318.36
258,Kathie,Fanstone,kfanstone75@newyorker.com,5464.84
,Elna,Sworder,,13092.86
260,Bradan,Boate,bboate77@facebook.com,6883.47
261,Jammal,Momery,jmomery78@jimdo.com,2480.76
262,Grover,Cooksey,gcooksey79@spiegel.de,11289.4
263,Terencio,Haskey,thaskey7a@prlog.org,9930.82
264,Auguste,Fintoph,afintoph7b@nifty.com,8996.41
265,Louis,Moubray,lmoubray7c@blogs.com,8898.46
266,Lesley,Quirke,lquirke7d@cmu.edu,2705.3
267,Alie,Sevitt,asevitt7e@tripadvisor.com,1041.89
268,Opalina,McCartney,omccartney7f@pen.io,4328.51
269,Georgianne,Marusik,gmarusik7g@webs.com,1827.62
270,Lisette,Iddison,liddison7h@engadget.com,4871.69
271,Heinrick,Dunk,hdunk7i@npr.org,13960.48
,Caresa,Dinnage,,5174.84
273,Nanice,Jelleman,njelleman7k@youku.com,12053.65
274,Gelya,Sargood,gsargood7l@stanford.edu,14063.58
275,Tadd,Falks,tfalks7m@yolasite.com,5905.95
276,Addy,Cowling,acowling7n@chronoengine.com,8297.4
277,Cody,Breston,cbreston7o@edublogs.org,6098.93
278,Giana,Dowsey,gdowsey7p@comcast.net,5685.73
279,Fancie,O'Keevan,fokeevan7q@uol.com.br,9229.79
280,Mel,Budden,mbudden7r@prlog.org,4429.48
281,Hersh,Bushel,hbushel7s@cam.ac.uk,7973.47
282,Colas,Kinman,ckinman7t@timesonline.co.uk,7384.32
283,Neely,Squires,nsquires7u@flavors.me,14641.69
284,Ester,Finn,efinn7v@freewebs.com,4441.45
285,Giulia,Petrillo,gpetrillo7w@google.pl,13215.01
286,Nesta,Brett,nbrett7x@nydailynews.com,3514.97
287,Rutger,Bromwich,rbromwich7y@usda.gov,13705.43
288,Jayme,Tattersfield,jtattersfield7z@canalblog.com,6149.6
289,Jermayne,Dytham,jdytham80@tiny.cc,2201.58
,Loleta,McCarrick,,
291,Colet,Ohrt,cohrt82@oaic.gov.au,14278.86
292,Faye,Quested,fquested83@amazon.co.uk,3413.67
293,Jakob,Hartmann,jhartmann84@java.com,8405.4
294,Jillayne,Motte,jmotte85@slate.com,6967.04
295,Mordecai,Mea,mmea86@mashable.com,6424.04
296,Claire,Drohan,cdrohan87@samsung.com,7283.66
,Herrick,Midgely,,5719.1
298,Mayer,Casarili,mcasarili89@wordpress.com,3282.42
299,Ora,Bodker,obodker8a@hostgator.com,7562.38
300,Nessie,Glancey,nglancey8b@huffingtonpost.com,2062.29
301,Rand,Maccaddie,rmaccaddie8c@indiegogo.com,7406.46
302,Hubie,Exeter,hexeter8d@cam.ac.uk,7766.02
303,Brandie,Olliffe,bolliffe8e@huffingtonpost.com,8205.93
304,Darla,Bottinelli,dbottinelli8f@phpbb.com,
305,Benedicto,Pull,bpull8g@cbsnews.com,13772.81
306,Ebba,Bangiard,ebangiard8h@timesonline.co.uk,12910.04
307,Sammy,Twohig,stwohig8i@phpbb.com,13035.61
308,Trisha,Kale,tkale8j@goo.ne.jp,6449.99
,Yvette,Fautly,,8798.49
,Guglielmo,Fifield,,12303.31
311,Temp,Matias,tmatias8m@imdb.com,9558.56
312,Buck,Sisselot,bsisselot8n@harvard.edu,5661.08
313,Lisa,Rouchy,lrouchy8o@vk.com,2227.78
314,Ferrel,Cuell,fcuell8p@imdb.com,7704.63
315,Jayme,Aldred,jaldred8q@adobe.com,6536.69
316,Jasen,Chaperling,jchaperling8r@ning.com,12415.16
317,Kermy,Highwood,khighwood8s@who.int,12262.92
318,Maryann,Fullman,mfullman8t@ehow.com,8886.12
319,Humfrey,Shaxby,hshaxby8u@who.int,11833.13
320,Flossi,Garlicke,fgarlicke8v@dell.com,8581.96
321,Lodovico,de Wilde,ldewilde8w@wikia.com,3155.03
322,Leslie,Glanders,lglanders8x@nhs.uk,11136.7
323,Raimondo,Zannolli,rzannolli8y@vimeo.com,2315.91
324,Chastity,Eggleson,ceggleson8z@google.co.uk,5034.5
325,Gustavo,Hercules,ghercules90@behance.net,
326,Trixi,Baldrick,tbaldrick91@usatoday.com,2099.38
327,Reagan,Turton,rturton92@blogtalkradio.com,10845.36
328,Helga,Bullent,hbullent93@issuu.com,11512.86
329,Caspar,Littlecote,clittlecote94@mtv.com,10887.01
330,Odessa,Gregoratti,ogregoratti95@zdnet.com,12311.12
331,Nil,Kreuzer,nkreuzer96@google.it,13592.47
332,Leonid,Tugman,ltugman97@ocn.ne.jp,
333,Mallorie,Bonnor,mbonnor98@chicagotribune.com,10000.37
334,Glynnis,McBrearty,gmcbrearty99@accuweather.com,13697.52
335,Shelden,Bradnock,sbradnock9a@linkedin.com,12361.02
336,Salaidh,Amyes,samyes9b@sciencedaily.com,5766.88
337,Palmer,Vale,pvale9c@google.co.jp,9290.28
338,Sigismund,McTrustrie,smctrustrie9d@homestead.com,13713.27
339,Adda,Trimmill,atrimmill9e@google.com.au,3190.91
340,Ingeborg,Bracchi,ibracchi9f@pagesperso-orange.fr,9136.36
341,Marleah,Fridd,mfridd9g@usnews.com,7465.55
342,Boycey,Gerner,bgerner9h@studiopress.com,2471.98
343,Nora,Wimbridge,nwimbridge9i@acquirethisname.com,5023.41
344,Leonore,Timpany,ltimpany9j@people.com.cn,10607.53
345,Odetta,Webb,owebb9k@4shared.com,
346,Jenni,Haslehurst,jhaslehurst9l@jigsy.com,10286.48
347,Berkley,Meadway,bmeadway9m@g.co,11450.53
348,Billi,Symcox,bsymcox9n@ebay.co.uk,13811.56
349,Florentia,Lusgdin,flusgdin9o@jiathis.com,12614.9
350,Marigold,Alderman,malderman9p@un.org,5864.86
351,Pierson,Povall,ppovall9q@cnn.com,4707.54
352,Kile,Harrod,kharrod9r@nymag.com,12699.86
353,Tabbie,Hogben,thogben9s@typepad.com,9391.75
354,Kurtis,Roddick,kroddick9t@issuu.com,3966.5
355,Janis,Pinnijar,jpinnijar9u@sciencedaily.com,14524.89
356,Torrie,Halladey,thalladey9v@arstechnica.com,3295.71
357,Jake,Jaffra,jjaffra9w@wikimedia.org,3991.32
358,Mike,O'Fielly,mofielly9x@dmoz.org,9893.31
359,Barnie,Petrasek,bpetrasek9y@unblog.fr,5657.92
360,Chance,Tokley,ctokley9z@wikimedia.org,6135.52
361,Garv,Russ,grussa0@pbs.org,
362,Russ,Puddicombe,rpuddicombea1@geocities.com,3729.67
363,Kata,De la Barre,kdelabarrea2@google.com.br,3310.64
364,Elysia,Juppe,ejuppea3@time.com,1906.42
365,Carmen,Ortega,cortegaa4@163.com,4090.13
366,Clarabelle,Piddlesden,cpiddlesdena5@google.com.au,6244.55
367,Petronia,Stebles,psteblesa6@netscape.com,3106.35
368,Rube,Skypp,rskyppa7@delicious.com,4871.36
369,Devlin,Delagua,ddelaguaa8@opera.com,10601.03
370,Robenia,O' Loughran,roloughrana9@weibo.com,2371.06
371,Jeremie,Wateridge,jwateridgeaa@altervista.org,6280.03
372,Craggy,Skipton,cskiptonab@arstechnica.com,4092.7
373,Fifine,Cleft,fcleftac@parallels.com,11753.92
374,Dex,Brosch,dbroschad@taobao.com,3344.24
375,Emmaline,Costin,ecostinae@multiply.com,13097.25
376,Pippa,Gerriessen,pgerriessenaf@time.com,6897.83
377,Jocko,Minster,jminsterag@army.mil,2149.94
378,Florette,Abrahamovitz,fabrahamovitzah@geocities.com,2734.11
379,Valenka,Seacroft,vseacroftai@google.com,4339.17
380,Delinda,Drees,ddreesaj@joomla.org,8861.49
381,Richmond,Brazier,rbrazierak@geocities.jp,10803.03
382,Marnie,Rideout,mrideoutal@discovery.com,6243.81
,Hilliard,Oaker,,4024.05
384,Jorry,Antushev,jantushevan@slideshare.net,2194.39
385,Vite,Moscone,vmosconeao@wiley.com,3155.03
386,Steward,Preble,sprebleap@wiley.com,4533.5
387,Doretta,Utting,duttingaq@aol.com,11803.63
388,Wally,Presho,wpreshoar@sina.com.cn,4947.91
389,Ximenes,Biernat,xbiernatas@360.cn,1291.82
390,Fin,Atchly,fatchlyat@squarespace.com,1685.2
391,Rolfe,Sayer,rsayerau@boston.com,7600.75
392,Bron,Lozano,blozanoav@marketwatch.com,6527.81
,Obed,Valder,,3774.09
,Kirby,Humerstone,,8424.62
395,Liuka,Loyndon,lloyndonay@dion.ne.jp,1971.45
396,Gale,Tonner,gtonneraz@auda.org.au,
397,Irina,Leynham,ileynhamb0@last.fm,11610.04
398,Iseabal,Slemmonds,islemmondsb1@berkeley.edu,6547.85
399,Aimil,Bradie,abradieb2@archive.org,1903.06
,Bartolomeo,Silman,,13060.85
401,Cyndy,Petrol,cpetrolb4@nytimes.com,4463.41
402,Amerigo,Dossetter,adossetterb5@odnoklassniki.ru,5817.71
403,Dalton,Slimm,dslimmb6@go.com,14689.84
404,Artie,Brenard,abrenardb7@themeforest.net,6989.97
405,Anni,Scamel,ascamelb8@ed.gov,7812.76
406,Brigit,Munn,bmunnb9@ning.com,8178.35
407,Edeline,Dring,edringba@goo.ne.jp,14977.8
408,Libbi,Lavery,llaverybb@spiegel.de,5940.89
409,Layney,Normanvill,lnormanvillbc@google.de,4631.56
410,Cati,Johansen,cjohansenbd@alexa.com,
411,Ivar,Silbermann,isilbermannbe@liveinternet.ru,
412,Brand,Ciobutaro,bciobutarobf@ycombinator.com,10517.0
413,Lilia,Segrott,lsegrottbg@jiathis.com,11848.73
414,Aretha,Lerner,alernerbh@altervista.org,
,Vevay,Jessard,,5351.84
416,Danny,Gosnell,dgosnellbj@artisteer.com,12837.45
417,Den,Tipper,dtipperbk@ucoz.com,10378.0
418,Karita,Phant,kphantbl@webnode.com,2464.85
419,Rube,Mansion,rmansionbm@zimbio.com,
420,Avrit,MacDearmaid,amacdearmaidbn@chron.com,5761.54
421,Lawrence,Glennie,lglenniebo@w3.org,10971.3
,Delilah,Graveson,,3534.63
423,Leigh,Plan,lplanbq@ca.gov,13326.32
424,Dottie,Gilffilland,dgilffillandbr@nydailynews.com,
425,Dulcea,Van den Bosch,dvandenboschbs@purevolume.com,10235.09
426,Alyssa,McNae,amcnaebt@4shared.com,13403.19
427,Noble,Bogaert,nbogaertbu@myspace.com,
428,Humphrey,Lymbourne,hlymbournebv@about.me,
429,Alexia,Butten,abuttenbw@odnoklassniki.ru,7976.12
430,Elston,Greson,egresonbx@unicef.org,7956.15
431,Nessa,Mirfin,nmirfinby@addtoany.com,8914.92
,Jourdain,Nuth,,10291.87
433,Susann,Borgars,sborgarsc0@mac.com,8612.84
434,Phoebe,Dalston,pdalstonc1@blogger.com,14339.8
435,Urbano,Tozer,utozerc2@list-manage.com,9039.22
436,Brody,Ferenczi,bferenczic3@soup.io,9733.68
437,Sargent,Easlea,seasleac4@gizmodo.com,6868.39
438,Marrissa,Mival,mmivalc5@feedburner.com,10920.35
439,Leo,Blitzer,lblitzerc6@is.gd,13615.98
440,Nanni,Shieber,nshieberc7@timesonline.co.uk,7894.9
441,Kary,Catcheside,kcatchesidec8@privacy.gov.au,3212.01
442,Seana,Cawtheray,scawtherayc9@slate.com,13730.27
443,Shelli,Graeser,sgraeserca@epa.gov,
444,Roanne,Ferrari,rferraricb@addthis.com,1308.9
445,Augusta,Geroldo,ageroldocc@bloglovin.com,2425.25
446,Ester,Story,estorycd@seattletimes.com,10526.77
447,Karel,Matkin,kmatkince@businessinsider.com,13011.67
448,Cherrita,Apfelmann,capfelmanncf@acquirethisname.com,5701.53
449,Sigismundo,Loachhead,sloachheadcg@homestead.com,
450,Jarret,Kubiczek,jkubiczekch@businessweek.com,8212.93
451,Joya,Dank,jdankci@vinaora.com,6903.86
452,Remy,Greenhouse,rgreenhousecj@clickbank.net,3658.23
453,Valaree,Munro,vmunrock@51.la,10484.7
454,Saxon,Winney,swinneycl@webnode.com,4185.91
455,Gianina,Tanzer,gtanzercm@moonfruit.com,14940.4
456,Abigail,Flisher,aflishercn@imageshack.us,1506.87
457,Baron,Font,bfontco@jiathis.com,9650.65
458,Jermain,Melbert,jmelbertcp@cargocollective.com,6148.42
459,Yetty,De Beneditti,ydebeneditticq@unicef.org,5427.88
460,Gabbie,Limpertz,glimpertzcr@bigcartel.com,
461,Fredek,Carillo,fcarillocs@netlog.com,2128.8
462,Henrieta,Pashe,hpashect@deliciousdays.com,8436.35
463,Derk,Tapscott,dtapscottcu@bizjournals.com,1046.33
464,Sayers,Crosio,scrosiocv@mediafire.com,11223.46
465,Jandy,Carratt,jcarrattcw@desdev.cn,11828.58
466,Pete,Barns,pbarnscx@newyorker.com,2615.29
467,Mose,Stileman,mstilemancy@google.it,10286.36
468,Salomone,Espinha,sespinhacz@unicef.org,11125.57
469,Terrye,Ralling,trallingd0@goo.gl,14030.4
470,Merci,Rain,mraind1@walmart.com,14528.45
471,Trstram,Marner,tmarnerd2@tiny.cc,
472,Jefferey,Gillopp,jgilloppd3@wsj.com,6800.64
473,Ruddy,Monsey,rmonseyd4@ow.ly,1788.05
474,Mateo,Higbin,mhigbind5@typepad.com,
475,Hildagard,Loding,hlodingd6@omniture.com,
476,Yancy,Rigney,yrigneyd7@usa.gov,2522.06
477,Jerrold,Chittim,jchittimd8@umich.edu,10670.25
478,Randi,Calltone,rcalltoned9@biglobe.ne.jp,13384.61
479,Dody,Jackett,djackettda@instagram.com,2680.23
480,Bernita,Maddra,bmaddradb@skyrock.com,6381.61
481,Prentice,Lorence,plorencedc@seesaa.net,2022.48
,Boris,Issacof,,5728.75
,Myrwyn,Kolushev,,11098.23
484,Siusan,Gunther,sguntherdf@intel.com,9493.89
485,Shani,Torrisi,storrisidg@unesco.org,1376.8
486,Laurie,Fancutt,lfancuttdh@usda.gov,12401.51
487,Teodor,Gambell,tgambelldi@blogger.com,1806.03
488,Minerva,Glewe,mglewedj@prweb.com,3999.28
489,Amalie,Ballintime,aballintimedk@163.com,6293.39
490,Elnora,Mc Menamin,emcmenamindl@slashdot.org,7148.42
491,Laryssa,Shuxsmith,lshuxsmithdm@i2i.jp,9670.28
492,Cece,Rymour,crymourdn@mysql.com,6642.38
493,Hill,Hugnin,hhugnindo@theglobeandmail.com,14776.15
494,Dyane,Erbain,derbaindp@loc.gov,
495,Meredeth,Saby,msabydq@123-reg.co.uk,5544.52
496,Ingra,Heeks,iheeksdr@washington.edu,11879.72
497,Lynelle,Lautie,llautieds@time.com,14840.95
498,Fredric,Lumsden,flumsdendt@telegraph.co.uk,9139.33
,Roscoe,Fodden,,
500,Davey,Coltart,dcoltartdv@elegantthemes.com,10820.2
501,Timmy,Westrope,twestropedw@arstechnica.com,9409.34
502,Giuseppe,Piatto,gpiattodx@craigslist.org,9543.42
503,Valina,Dowse,vdowsedy@ft.com,6661.21
504,Sterling,Bareham,sbarehamdz@jimdo.com,14164.06
505,Lethia,Wordley,lwordleye0@networkadvertising.org,11386.97
506,Ebonee,Elson,eelsone1@mozilla.org,7889.67
507,Rosette,Philips,rphilipse2@guardian.co.uk,11387.47
508,Lesley,Melchior,lmelchiore3@google.ru,1386.93
509,Zebadiah,Popplestone,zpopplestonee4@google.de,5302.94
510,Petr,Palethorpe,ppalethorpee5@t-online.de,7998.24
511,Catarina,Rabjohn,crabjohne6@ning.com,
512,Lammond,Frazier,lfraziere7@163.com,6516.29
513,Robenia,Philps,rphilpse8@walmart.com,6794.9
514,Ninette,Mangam,nmangame9@reverbnation.com,4909.51
,Davon,Presidey,,12294.92
516,Cris,Carmichael,ccarmichaeleb@blogspot.com,3360.2
517,Olympia,Archbell,oarchbellec@berkeley.edu,5941.29
518,Sheffield,Davie,sdavieed@drupal.org,
519,Aryn,Charlotte,acharlotteee@ucoz.ru,10456.34
520,Modesty,Kinset,mkinsetef@dell.com,5495.25
521,Leanna,Dafter,ldaftereg@seattletimes.com,11584.79
522,Gerianne,Stang-Gjertsen,gstanggjertseneh@msn.com,5652.55
523,Filbert,Stonhewer,fstonhewerei@engadget.com,7107.04
524,Beaufort,Maclean,bmacleanej@wisc.edu,6617.29
525,Berny,Cuddihy,bcuddihyek@1und1.de,1298.52
526,Margy,Jodrellec,mjodrellecel@pcworld.com,3258.48
527,Rachael,Everit,reveritem@plala.or.jp,
528,Vaclav,Kirkbride,vkirkbrideen@hao123.com,10166.58
529,Peterus,Peasey,ppeaseyeo@about.me,8901.96
530,Lotty,Jeffcoate,ljeffcoateep@meetup.com,7135.7
531,Lillis,Joncic,ljonciceq@phoca.cz,9121.65
532,Paulita,Seeks,pseekser@boston.com,11868.81
533,Lulu,Crassweller,lcrasswelleres@jigsy.com,2146.53
534,Sharon,Deehan,sdeehanet@jigsy.com,3697.84
535,Jo,Taye,jtayeeu@webeden.co.uk,
536,Temple,Scroxton,tscroxtonev@bandcamp.com,2545.93
537,Gertrud,Foulks,gfoulksew@dyndns.org,4116.44
538,Mitchell,Blackstock,mblackstockex@google.com.br,10576.28
,Elladine,Jovasevic,,7057.72
540,Meggi,McLauchlin,mmclauchlinez@free.fr,10522.45
541,Shanie,Slatten,sslattenf0@studiopress.com,13473.87
,Rolph,Baitey,,8575.58
543,Crichton,Paley,cpaleyf2@timesonline.co.uk,3483.59
544,Wynn,Coumbe,wcoumbef3@ebay.com,14652.14
545,Ogdon,Royste,oroystef4@51.la,1779.02
,Hillier,McNirlan,,6302.97
547,Christean,Belly,cbellyf6@smugmug.com,5919.36
548,Ebenezer,Eykelhof,eeykelhoff7@parallels.com,8918.89
549,Saidee,Sims,ssimsf8@arizona.edu,1075.13
550,Dian,Baker,dbakerf9@com.com,1901.17
551,Hilliard,Baumert,hbaumertfa@state.gov,14252.9
552,Shanta,Impy,simpyfb@jiathis.com,5468.21
553,Mick,Kibby,mkibbyfc@wufoo.com,4631.41
554,Curtice,McMurraya,cmcmurrayafd@wordpress.com,12220.94
555,Olwen,Eccles,oecclesfe@amazonaws.com,
556,Rori,Wieprecht,rwieprechtff@mapquest.com,9985.16
557,Trudy,Easman,teasmanfg@ucoz.com,
558,Marjory,Cattroll,mcattrollfh@nsw.gov.au,13650.89
,Margeaux,Stidson,,1927.85
560,Sheridan,Evenden,sevendenfj@msn.com,6130.66
561,Andy,Cawte,acawtefk@gov.uk,12173.22
562,Katalin,Muttock,kmuttockfl@psu.edu,4626.98
,Aubree,Ansley,,4080.59
564,Ilyse,Dunstan,idunstanfn@e-recht24.de,6070.99
565,Amelie,Meachan,ameachanfo@1688.com,9453.92
566,Gracie,Tocher,gtocherfp@yellowbook.com,
567,Delila,Burman,dburmanfq@is.gd,7758.43
568,Sissy,O'Loughlin,soloughlinfr@newsvine.com,7703.74
569,Rebekkah,Kynder,rkynderfs@jugem.jp,3479.73
570,Allianora,Sketch,asketchft@spotify.com,
571,Katinka,Tethacot,ktethacotfu@google.co.jp,2467.87
572,Ahmad,Inger,aingerfv@spotify.com,14695.39
573,Ellswerth,Flintoff,eflintofffw@senate.gov,1546.62
574,Carine,Fritchley,cfritchleyfx@stanford.edu,8250.8
575,Siward,Deverille,sdeverillefy@home.pl,12840.41
576,Jolynn,Hallt,jhalltfz@springer.com,1824.47
577,Ashlin,Wallwood,awallwoodg0@businessinsider.com,4787.12
578,Christopher,Averies,caveriesg1@quantcast.com,9950.56
579,Minnnie,Casseldine,mcasseldineg2@oaic.gov.au,10820.24
580,Farrand,Janodet,fjanodetg3@amazon.co.uk,9129.74
581,Nita,Semple,nsempleg4@spiegel.de,10467.17
582,Balduin,MacLaverty,bmaclavertyg5@newyorker.com,
583,Karlens,Ferreo,kferreog6@dedecms.com,
584,Darya,Uccello,duccellog7@cocolog-nifty.com,
585,Isador,Herity,iherityg8@java.com,2701.19
586,Brana,Moorhouse,bmoorhouseg9@purevolume.com,9735.7
587,Marcellina,Barens,mbarensga@comsenz.com,14321.43
588,Xylia,Lascelles,xlascellesgb@uiuc.edu,
589,Annalise,Olenchikov,aolenchikovgc@mac.com,3427.44
590,Kingsly,Vinnick,kvinnickgd@wikimedia.org,11682.6
,Joelle,Scandwright,,6411.04
592,Giustino,Minger,gmingergf@baidu.com,9150.3
,Leola,Lindley,,7656.83
594,Joella,Fairest,jfairestgh@wikimedia.org,11574.48
595,Eli,Miko,emikogi@biblegateway.com,8426.66
596,Yevette,Bambery,ybamberygj@hostgator.com,14338.21
597,Jess,Cow,jcowgk@unicef.org,14045.69
598,Glad,Tittershill,gtittershillgl@yahoo.com,8671.48
599,Aimee,Albasini,aalbasinigm@icio.us,
600,Addy,Storm,astormgn@unblog.fr,5676.87
601,Carolee,Chicchetto,cchicchettogo@hc360.com,14507.13
,Kathryne,Camis,,13738.02
603,Griffie,Lomasney,glomasneygq@blogger.com,10838.05
604,Gene,Oakenford,goakenfordgr@ucoz.com,10539.81
605,Cody,Birdall,cbirdallgs@pbs.org,8978.26
606,Andrej,Phetteplace,aphetteplacegt@forbes.com,8719.74
,Godfree,Serman,,12662.78
608,Tildy,Petrosian,tpetrosiangv@businessweek.com,11643.69
609,Claus,Desquesnes,cdesquesnesgw@last.fm,
610,Liane,Barrowcliff,lbarrowcliffgx@loc.gov,5655.23
611,Boy,Shemilt,bshemiltgy@creativecommons.org,5485.73
,Calley,Weathers,,11105.6
613,Ferrell,Bruffell,fbruffellh0@scribd.com,12190.86
614,Upton,Helliar,uhelliarh1@homestead.com,7854.0
615,Janeta,Maestro,jmaestroh2@webnode.com,
616,Deny,Gowdie,dgowdieh3@census.gov,1855.07
617,Jessi,Robotham,jrobothamh4@flickr.com,1396.7
618,Aveline,Hirtzmann,ahirtzmannh5@globo.com,6834.88
619,Lalo,Lines,llinesh6@rakuten.co.jp,3658.22
,Aigneis,Edgerley,,3887.05
621,Bonni,Cawthorn,bcawthornh8@youtube.com,11362.79
622,Walsh,Micka,wmickah9@ehow.com,
623,Stanton,Bastable,sbastableha@51.la,
624,Emmery,Cracoe,ecracoehb@usatoday.com,12184.55
625,Alyce,Sleit,asleithc@gnu.org,10828.26
626,Sheree,Heather,sheatherhd@nytimes.com,2085.5
627,Jeth,Sheerin,jsheerinhe@thetimes.co.uk,14025.99
628,Hesther,Thripp,hthripphf@mail.ru,11467.3
629,Sabina,Melmore,smelmorehg@t-online.de,2988.23
630,Dorine,Dering,dderinghh@nsw.gov.au,
631,Lane,Janczak,ljanczakhi@fema.gov,12314.96
,Adaline,Duffill,,13921.22
633,Amalita,Quest,aquesthk@alexa.com,3933.35
,Cornelia,Faichney,,4698.56
635,Mallorie,Scibsey,mscibseyhm@amazonaws.com,4494.12
636,Kris,Gaffer,kgafferhn@amazon.co.uk,
637,Rouvin,Howley,rhowleyho@samsung.com,11151.9
638,Gertrudis,Collop,gcollophp@globo.com,2856.05
,Elicia,Zellmer,,1594.95
,Jaclyn,Roizn,,2626.74
,Karin,Manuelli,,10186.17
642,Sonnie,Mechem,smechemht@tmall.com,2057.11
643,Gideon,Perulli,gperullihu@gravatar.com,11327.86
644,Brok,Rechert,brecherthv@last.fm,
645,Nannette,Tunesi,ntunesihw@dailymail.co.uk,4278.49
646,Elsbeth,Childers,echildershx@zimbio.com,6616.74
647,Zonnya,Gabbatiss,zgabbatisshy@indiatimes.com,9179.35
648,Gray,Joao,gjoaohz@g.co,7847.99
649,Brigitte,Eastam,beastami0@cocolog-nifty.com,10012.44
650,Alphonse,Marini,amarinii1@si.edu,6157.13
651,Chrisy,Scotfurth,cscotfurthi2@themeforest.net,12710.19
652,Gilemette,Bulcroft,gbulcrofti3@bigcartel.com,7864.69
,Scotty,Vasyunichev,,6509.62
654,Georgeta,Mullord,gmullordi5@sakura.ne.jp,13068.3
655,Tiebold,Roddick,troddicki6@unc.edu,4630.71
656,Gayel,Kinahan,gkinahani7@vkontakte.ru,11711.42
657,Tomlin,Hattigan,thattigani8@techcrunch.com,5189.16
658,Sheppard,Gillies,sgilliesi9@ameblo.jp,
659,Daloris,Schinetti,dschinettiia@walmart.com,14632.91
660,Karalee,Harrison,kharrisonib@dailymotion.com,14073.55
661,Wolf,Raincin,wraincinic@xinhuanet.com,9063.48
662,Shani,Cool,scoolid@4shared.com,1987.59
663,Yuma,Jacqueminot,yjacqueminotie@earthlink.net,1486.74
664,Peyton,Lavender,plavenderif@artisteer.com,8771.8
665,Dulcinea,Brierly,dbrierlyig@cnn.com,12325.09
666,Carma,Connor,cconnorih@photobucket.com,7664.46
667,Danica,Elliston,dellistonii@archive.org,13768.17
668,Nora,MacAllaster,nmacallasterij@examiner.com,
669,Pren,Larive,plariveik@va.gov,4888.74
670,Hester,Keggins,hkegginsil@stanford.edu,
671,Hillyer,O'Corhane,hocorhaneim@amazon.com,
672,Hilda,Flintuff,hflintuffin@umich.edu,9574.29
,Faye,Babidge,,1683.13
674,Syd,Reichelt,sreicheltip@pagesperso-orange.fr,12501.71
675,Jeremiah,Bellworthy,jbellworthyiq@princeton.edu,
676,Neddy,Firks,nfirksir@nydailynews.com,11274.75
677,Fanchette,Joselson,fjoselsonis@adobe.com,2161.96
678,Cindee,Bonnett,cbonnettit@statcounter.com,6247.86
679,Oneida,Sellor,oselloriu@flavors.me,14211.45
680,Brenda,Mailes,bmailesiv@webnode.com,
681,Francesca,Manes,fmanesiw@cornell.edu,11020.03
682,Marcelo,Pinckney,mpinckneyix@dot.gov,
683,Isabelita,Larman,ilarmaniy@webmd.com,14816.59
684,Wenona,Holdall,wholdalliz@macromedia.com,14025.07
685,Shawn,Housam,shousamj0@nationalgeographic.com,7281.47
686,Leroy,Teresia,lteresiaj1@over-blog.com,
687,Tracee,Carass,tcarassj2@cisco.com,13806.01
,Keeley,Milbourne,,8205.35
689,Abagael,Cappineer,acappineerj4@usatoday.com,3431.36
690,Joete,Teese,jteesej5@meetup.com,5518.2
691,Dan,Camelli,dcamellij6@twitter.com,12609.51
692,Vinni,Merwede,vmerwedej7@cisco.com,6383.04
693,Keslie,Sprull,ksprullj8@army.mil,10612.07
694,Annemarie,Airs,aairsj9@vimeo.com,
695,Ansel,Sickamore,asickamoreja@cornell.edu,
696,Liana,Enrdigo,lenrdigojb@xinhuanet.com,3339.04
697,Lacie,Fipp,lfippjc@wix.com,6918.15
698,Sheffield,Harbert,sharbertjd@state.tx.us,9489.68
699,Sharia,Screwton,sscrewtonje@scientificamerican.com,
700,Juliette,Trevett,jtrevettjf@slideshare.net,1660.75
701,Enrika,Phipard-Shears,ephipardshearsjg@creativecommons.org,8083.61
702,Merrili,Mirfin,mmirfinjh@hugedomains.com,11599.98
703,Ronni,Liebermann,rliebermannji@apple.com,13849.4
704,Barnaby,Coraini,bcorainijj@4shared.com,2350.58
705,Kermy,Tweede,ktweedejk@1und1.de,5714.02
706,Roberto,Kinge,rkingejl@moonfruit.com,13857.23
,Heriberto,Bentke,,14845.3
708,Jeddy,Giacomazzo,jgiacomazzojn@163.com,10267.61
709,Twila,Mathevet,tmathevetjo@tuttocitta.it,1124.52
710,Cirstoforo,Tidey,ctideyjp@ucsd.edu,3960.43
711,Erin,Jorgesen,ejorgesenjq@geocities.com,7040.37
712,Claudia,Tappington,ctappingtonjr@e-recht24.de,12460.22
713,Egan,Lebreton,elebretonjs@independent.co.uk,5664.77
714,Nancie,Wakeley,nwakeleyjt@livejournal.com,13712.24
715,Appolonia,McGill,amcgillju@github.com,8731.84
716,Sherie,Lindgren,slindgrenjv@ovh.net,11914.87
717,Darline,Thonger,dthongerjw@aol.com,11539.6
718,Waverly,Goom,wgoomjx@apache.org,
719,Chelsie,Wadmore,cwadmorejy@webs.com,11976.25
720,Alvie,Starton,astartonjz@eepurl.com,10928.02
721,Joey,Slewcock,jslewcockk0@bbb.org,5202.56
722,Carma,Cartledge,ccartledgek1@qq.com,14227.58
723,Ertha,Blundell,eblundellk2@uol.com.br,7525.16
724,Ondrea,Guidone,oguidonek3@rakuten.co.jp,2802.67
725,Margette,Westoff,mwestoffk4@pbs.org,8850.4
726,Evy,Romao,eromaok5@gmpg.org,7400.87
727,Ellery,Folling,efollingk6@ucoz.com,13585.27
728,Giorgio,Geraudy,ggeraudyk7@samsung.com,11517.93
729,Caresse,Fassam,cfassamk8@webmd.com,
730,Salomi,Yewen,syewenk9@i2i.jp,6828.96
731,Lucas,Stoffers,lstofferska@geocities.jp,4340.55
732,Basile,Wederell,bwederellkb@privacy.gov.au,10505.8
733,Roch,Haynes,rhayneskc@seattletimes.com,13591.97
734,Markos,Yeldham,myeldhamkd@topsy.com,14170.89
735,Layla,Cranefield,lcranefieldke@shinystat.com,6084.48
736,Lucita,Acheson,lachesonkf@hud.gov,2670.8
737,Polly,Isbell,pisbellkg@umn.edu,8978.2
738,Caesar,Nottingam,cnottingamkh@phpbb.com,10467.18
739,Benoit,Flucks,bfluckski@usgs.gov,10199.31
740,Conn,Dainton,cdaintonkj@europa.eu,8414.16
741,Tressa,Tydd,ttyddkk@sina.com.cn,
742,Claudette,Ahmad,cahmadkl@princeton.edu,8260.92
,Standford,Shoppee,,
744,Armando,Barbery,abarberykn@google.fr,
745,Stirling,Derby,sderbyko@miibeian.gov.cn,9797.26
746,Aurie,Jirasek,ajirasekkp@fotki.com,9861.05
747,Stevana,Almond,salmondkq@cyberchimps.com,9373.95
748,Sharity,Scranny,sscrannykr@stanford.edu,
749,Dot,Hanlon,dhanlonks@marriott.com,6798.29
750,Fredelia,O'Fergus,foferguskt@linkedin.com,8816.86
751,Noe,Linger,nlingerku@bizjournals.com,8433.13
752,Phillip,Beautyman,pbeautymankv@adobe.com,8490.2
753,Maryrose,Behning,mbehningkw@imdb.com,
754,Tresa,Andrasch,tandraschkx@ibm.com,1641.98
755,Urbano,Mackney,umackneyky@facebook.com,
756,Sarette,Segrott,ssegrottkz@pinterest.com,6374.66
757,Algernon,Alessandone,aalessandonel0@toplist.cz,12463.97
758,Janie,Roistone,jroistonel1@eventbrite.com,2737.59
759,Zsa zsa,Matteoni,zmatteonil2@pcworld.com,3287.39
760,Dannie,Piegrome,dpiegromel3@unesco.org,12685.24
761,Tadd,Maile,tmailel4@storify.com,1957.12
762,Hillard,Windebank,hwindebankl5@harvard.edu,10377.06
763,Delcina,Dearnaly,ddearnalyl6@infoseek.co.jp,
764,Christophorus,Freeth,cfreethl7@typepad.com,9297.07
765,Kendra,Basketter,kbasketterl8@macromedia.com,8271.24
766,Bartlett,Lindblad,blindbladl9@parallels.com,4522.85
767,Fidelio,Brunsden,fbrunsdenla@wunderground.com,8137.01
768,Florette,Mixhel,fmixhellb@wikimedia.org,
,Doti,Haliday,,8984.24
770,Marie,Dooman,mdoomanld@de.vu,
771,Alistair,Areles,aarelesle@example.com,6138.68
772,Cassi,Burtwell,cburtwelllf@webmd.com,3875.41
773,Frederick,Aked,fakedlg@macromedia.com,6646.13
774,Selena,Woolvin,swoolvinlh@go.com,8540.87
775,Xever,Aggas,xaggasli@parallels.com,
776,Horatius,Schoenfisch,hschoenfischlj@istockphoto.com,4853.06
,Bendick,Laybourne,,4972.57
778,Abigail,Davidovits,adavidovitsll@marriott.com,12275.65
779,Gerik,Boulsher,gboulsherlm@examiner.com,3943.26
780,Sherye,Dennerley,sdennerleyln@github.io,9639.21
781,Brannon,Bretton,bbrettonlo@jugem.jp,14128.84
782,Vachel,Prandoni,vprandonilp@discovery.com,11861.54
783,Lesly,Feighry,lfeighrylq@state.gov,4905.99
784,Bo,Froude,bfroudelr@wunderground.com,2948.02
785,Fannie,Jancy,fjancyls@cdc.gov,10342.46
786,Shoshanna,Tarney,starneylt@japanpost.jp,5489.24
787,Beatrisa,Baker,bbakerlu@amazon.com,4404.02
788,Ricky,Nisius,rnisiuslv@theatlantic.com,10199.08
789,Blane,L'Hommeau,blhommeaulw@about.me,
790,Nancie,McMenamy,nmcmenamylx@canalblog.com,
791,Idaline,Fahey,ifaheyly@google.co.jp,1298.52
792,Maridel,Slowley,mslowleylz@weebly.com,7971.33
793,Woodie,Shinn,wshinnm0@barnesandnoble.com,
794,Nari,Peacham,npeachamm1@theatlantic.com,12445.62
795,Esteban,Bretherick,ebretherickm2@arstechnica.com,4624.48
796,Dinny,Salt,dsaltm3@ucoz.com,
,Luis,Cotte,,4459.92
798,Emmey,Orman,eormanm5@google.com.hk,14857.9
799,Sherye,Gives,sgivesm6@imageshack.us,
800,Buddy,Lanmeid,blanmeidm7@cloudflare.com,4846.25
801,Jerrie,Hobden,jhobdenm8@liveinternet.ru,6930.34
802,Jenilee,Dunseith,jdunseithm9@washington.edu,11207.75
803,Dalt,Gresch,dgreschma@google.pl,7695.1
804,Doria,Greensall,dgreensallmb@answers.com,6124.24
805,Willi,Morforth,wmorforthmc@gnu.org,
806,Jervis,Pantone,jpantonemd@dailymail.co.uk,10019.86
807,Ronni,Bowick,rbowickme@yellowbook.com,
808,Sephira,Stanbridge,sstanbridgemf@walmart.com,10741.04
809,Andie,Lafuente,alafuentemg@elegantthemes.com,
,Bride,Inglefield,,6234.13
811,Leland,Samms,lsammsmi@behance.net,12765.77
812,Casi,Hinckesman,chinckesmanmj@cbslocal.com,7323.34
813,Gladi,Estabrook,gestabrookmk@t-online.de,14468.96
814,Dreddy,Bullon,dbullonml@yale.edu,5874.22
815,Amby,Bartaletti,abartalettimm@nyu.edu,3524.59
816,Tom,Grizard,tgrizardmn@php.net,8851.16
817,Marcello,Stewartson,mstewartsonmo@yellowpages.com,13891.05
818,Michell,Fenemore,mfenemoremp@vinaora.com,6141.0
819,Wells,Heisler,wheislermq@reddit.com,7715.95
820,Darci,Head,dheadmr@macromedia.com,2291.87
821,Winfred,Drivers,wdriversms@census.gov,5203.53
822,Rock,Jessop,rjessopmt@ustream.tv,4271.1
823,Margaretha,Meigh,mmeighmu@dot.gov,6677.79
824,Rosco,Brenstuhl,rbrenstuhlmv@altervista.org,9197.39
825,Jolyn,Stockle,jstocklemw@typepad.com,7020.56
,Gunther,Tarply,,10399.97
827,Holden,Gouny,hgounymy@altervista.org,
828,Alastair,Caddock,acaddockmz@imdb.com,1130.22
829,Aldwin,Gaiter,agaitern0@furl.net,3854.9
,Gordy,Carmody,,1159.33
831,Marigold,Ramsay,mramsayn2@about.me,4278.33
832,Goraud,Tippin,gtippinn3@rakuten.co.jp,
833,Robert,Benoist,rbenoistn4@yellowbook.com,13273.75
834,Cherry,Tumber,ctumbern5@lulu.com,4794.5
835,Carolynn,Taysbil,ctaysbiln6@ehow.com,14835.68
836,Rudiger,Demangeon,rdemangeonn7@ustream.tv,8894.87
837,Fannie,Elleton,felletonn8@businesswire.com,
838,Fritz,Rackam,frackamn9@mashable.com,4811.9
839,Pincas,Straniero,pstranierona@buzzfeed.com,11957.37
840,Andrew,Himsworth,ahimsworthnb@wordpress.org,10611.45
841,Cleveland,Newcomen,cnewcomennc@foxnews.com,14581.02
842,Timothy,Neilands,tneilandsnd@toplist.cz,
843,Viviene,Aubry,vaubryne@webs.com,8519.54
844,Caspar,Clissett,cclissettnf@virginia.edu,13402.61
845,Guido,Tobias,gtobiasng@paypal.com,2081.7
846,Pamelina,Simkovitz,psimkovitznh@edublogs.org,9101.89
847,Rosa,Murname,rmurnameni@goo.ne.jp,9466.7
848,Gerianna,Diament,gdiamentnj@virginia.edu,10764.53
849,Shane,Jarmyn,sjarmynnk@goo.gl,9605.72
850,Andonis,Insko,ainskonl@soup.io,9165.46
851,Shayna,Mannion,smannionnm@wisc.edu,10463.73
852,Kliment,Dow,kdownn@yelp.com,2908.74
853,Ede,Bray,ebrayno@github.io,4725.27
854,Kimberley,Merrington,kmerringtonnp@nba.com,7735.03
855,Roana,Androli,randrolinq@amazon.co.uk,7824.61
856,Bernadine,Slatten,bslattennr@techcrunch.com,9008.91
857,Zola,Barmadier,zbarmadierns@facebook.com,
858,Johnathon,Walford,jwalfordnt@stumbleupon.com,4397.65
859,Ardisj,Fulop,afulopnu@archive.org,14254.47
860,Sondra,Stutter,sstutternv@reddit.com,10717.92
861,Olva,Rickeard,orickeardnw@forbes.com,
,Alyssa,Kowalski,,14112.86
863,Doria,Luparto,dlupartony@usatoday.com,8789.19
864,Cordelie,Saunder,csaundernz@shareasale.com,5488.34
865,Debby,Vernon,dvernono0@foxnews.com,14510.42
866,Jenilee,Megainey,jmegaineyo1@ucoz.com,2749.14
867,Eleen,Volant,evolanto2@cam.ac.uk,10823.98
868,Marrilee,McCawley,mmccawleyo3@unblog.fr,14669.79
869,Celie,Dartnell,cdartnello4@studiopress.com,1702.36
870,Fleming,Cribbin,fcribbino5@biglobe.ne.jp,5973.99
871,Sutton,Dagleas,sdagleaso6@eventbrite.com,7682.94
872,Sherwynd,Brognot,sbrognoto7@dot.gov,14395.49
873,Ferris,Greengrass,fgreengrasso8@home.pl,9953.21
874,Lisette,Cradick,lcradicko9@fotki.com,14969.17
875,Keefe,Lotze,klotzeoa@tinypic.com,14907.49
876,Sheilakathryn,Yanyushkin,syanyushkinob@ow.ly,
877,Magdaia,Hourstan,mhourstanoc@imgur.com,11834.81
,Brunhilda,Chaudret,,6452.27
879,Berkly,Bendelow,bbendelowoe@squarespace.com,9553.58
880,Arleen,Richardson,arichardsonof@google.pl,13072.4
881,Abbott,Lewsam,alewsamog@altervista.org,3153.19
882,Denise,Keune,dkeuneoh@yahoo.co.jp,7974.83
883,Ferdie,Treadgold,ftreadgoldoi@mozilla.org,10441.34
884,Germain,Kalkhoven,gkalkhovenoj@netscape.com,
885,Kerr,Smythin,ksmythinok@princeton.edu,14920.16
886,Leodora,Messer,lmesserol@usgs.gov,5074.71
887,Alexandra,McIlvenny,amcilvennyom@dyndns.org,7044.45
888,Mechelle,Gaines,mgaineson@dion.ne.jp,11136.81
889,Raul,Kleinert,rkleinertoo@bigcartel.com,14432.6
890,Megen,Ozintsev,mozintsevop@wisc.edu,9968.03
891,Roarke,Baggett,rbaggettoq@dailymotion.com,
892,Harlin,MacSkeaghan,hmacskeaghanor@biblegateway.com,4858.94
893,Chris,Sparshatt,csparshattos@house.gov,13263.68
894,Aarika,Skakunas,askakunasot@thetimes.co.uk,8275.96
895,Tibold,Slocket,tslocketou@ow.ly,8470.07
896,Adel,Heaffey,aheaffeyov@rakuten.co.jp,9972.27
897,Harley,Martignon,hmartignonow@blinklist.com,
898,Nonna,Tie,ntieox@topsy.com,
899,Thea,Seedman,tseedmanoy@tuttocitta.it,6498.28
900,Etta,Harpham,eharphamoz@yale.edu,2084.47
901,Gill,Boskell,gboskellp0@unicef.org,13813.97
902,Sarita,Androlli,sandrollip1@topsy.com,6446.91
903,Eugenie,Clemensen,eclemensenp2@360.cn,4552.23
904,Alva,Bruffell,abruffellp3@moonfruit.com,12582.81
905,Florie,Gillebride,fgillebridep4@123-reg.co.uk,12009.29
906,Jere,Creamen,jcreamenp5@opensource.org,1016.02
907,Zandra,Cordell,zcordellp6@economist.com,8956.56
908,Annaliese,Brundall,abrundallp7@stumbleupon.com,
909,Marissa,Noweak,mnoweakp8@networksolutions.com,7707.42
910,Reba,Huntingford,rhuntingfordp9@google.com.br,11649.33
,Addison,Friar,,11762.31
912,Merilyn,Day,mdaypb@gravatar.com,
913,Becky,Pickersail,bpickersailpc@sfgate.com,13562.49
,Vaughn,Filipputti,,5527.34
915,Georgine,Meehan,gmeehanpe@vk.com,5888.7
916,Lanny,Mungin,lmunginpf@yahoo.com,4013.97
917,Josee,Snibson,jsnibsonpg@chicagotribune.com,11726.67
918,Cassie,Serjent,cserjentph@hatena.ne.jp,10862.95
919,Benita,Creaney,bcreaneypi@princeton.edu,
920,Waylen,Garter,wgarterpj@homestead.com,10159.25
,Lisette,Stairmond,,8536.88
922,Megen,Burchfield,mburchfieldpl@businessinsider.com,11253.26
923,Susanna,Huot,shuotpm@usatoday.com,6327.35
924,Aubree,Baudains,abaudainspn@behance.net,
925,Frances,Howell,fhowellpo@whitehouse.gov,5382.97
926,Shirlee,Farrier,sfarrierpp@xrea.com,
927,Clovis,Killough,ckilloughpq@bbc.co.uk,6726.92
928,Aldric,Brierly,abrierlypr@t-online.de,3172.55
929,Elenore,Wardhaugh,ewardhaughps@skyrock.com,10294.85
930,Berny,Garmans,bgarmanspt@weibo.com,3642.44
,Launce,Hendrich,,12981.71
932,Ashely,Chstney,achstneypv@prnewswire.com,3275.85
933,Nicolis,Swinn,nswinnpw@netvibes.com,11616.82
934,Tobi,Kobera,tkoberapx@ucsd.edu,14605.86
935,Hieronymus,Ashe,hashepy@oaic.gov.au,13898.28
936,Yolane,Jowers,yjowerspz@samsung.com,10178.52
937,Annamaria,Swanbourne,aswanbourneq0@shareasale.com,9103.07
,Augustin,Gilfether,,6658.49
,Nathalia,Slessar,,9745.98
940,Jordon,Causbey,jcausbeyq3@nature.com,9024.76
941,Worth,Fipp,wfippq4@ycombinator.com,9186.2
942,Tuck,Collinge,tcollingeq5@usnews.com,7981.6
,Rene,Tort,,7612.64
944,Haywood,Chupin,hchupinq7@msu.edu,13274.65
945,Diahann,Bohje,dbohjeq8@harvard.edu,2775.47
946,Thea,Courvert,tcourvertq9@de.vu,2057.13
,Martino,Seys,,4492.21
948,Steven,Brimfield,sbrimfieldqb@sfgate.com,2844.76
949,Petunia,Bannester,pbannesterqc@twitter.com,7372.96
950,Kent,Pringell,kpringellqd@163.com,13176.74
951,Janis,Middleton,jmiddletonqe@go.com,12173.51
952,Ivan,Anselmi,ianselmiqf@goodreads.com,11815.67
953,Letti,Ingerfield,lingerfieldqg@flickr.com,2193.98
954,Irving,Emby,iembyqh@discuz.net,6956.3
955,Guthrey,Sallter,gsallterqi@barnesandnoble.com,7802.45
956,Rufus,Lynett,rlynettqj@forbes.com,3016.48
957,Dusty,Soigne,dsoigneqk@addtoany.com,12393.05
958,Barron,Rushbury,brushburyql@sbwire.com,12330.42
959,Keith,Turvey,kturveyqm@bing.com,9747.52
960,Noam,Marshallsay,nmarshallsayqn@fastcompany.com,7012.53
961,Kristo,Smail,ksmailqo@pbs.org,5603.27
962,Deonne,Biddy,dbiddyqp@wikipedia.org,
963,Lars,Maymand,lmaymandqq@telegraph.co.uk,
964,Melisandra,Bradtke,mbradtkeqr@cbsnews.com,4961.27
965,Jonie,Arrighini,jarrighiniqs@cbslocal.com,12372.37
966,Ginevra,Witherow,gwitherowqt@stumbleupon.com,3864.97
967,Neddy,Trimnell,ntrimnellqu@economist.com,8118.29
968,Artemas,Futcher,afutcherqv@narod.ru,10518.91
969,Eula,Cammomile,ecammomileqw@springer.com,3074.7
970,Dennis,Novacek,dnovacekqx@cbslocal.com,5276.96
,Ainslie,Scriver,,9122.02
972,Kassie,Haskey,khaskeyqz@posterous.com,4585.15
973,Lucais,Mauchline,lmauchliner0@walmart.com,12944.23
974,Maxie,Jenkin,mjenkinr1@wunderground.com,
975,Thomasin,Klamp,tklampr2@biglobe.ne.jp,5781.28
976,Zolly,Geldeard,zgeldeardr3@scientificamerican.com,
977,Nanette,Seleway,nselewayr4@archive.org,14316.02
,Quintana,Stranahan,,5518.74
979,Joe,Clyant,jclyantr6@hc360.com,12720.04
980,Stacia,Abbs,sabbsr7@japanpost.jp,8333.98
981,Carree,Cragg,ccraggr8@hugedomains.com,12537.98
982,Zachariah,Copland,zcoplandr9@craigslist.org,11906.78
983,Kelsy,Adams,kadamsra@addtoany.com,12449.39
984,Reta,Scothron,rscothronrb@list-manage.com,8668.74
985,Henri,Stoner,hstonerrc@unicef.org,10312.0
986,Almira,Mapplebeck,amapplebeckrd@icq.com,14578.37
987,Ariel,Coon,acoonre@hao123.com,1207.35
988,Annemarie,Hardison,ahardisonrf@redcross.org,13896.54
989,Terry,L'argent,tlargentrg@mozilla.com,11744.99
990,Geoffry,Nern,gnernrh@si.edu,10631.39
991,Loreen,Gorner,lgornerri@smh.com.au,11007.82
992,Cornelia,Bruckshaw,cbruckshawrj@odnoklassniki.ru,7388.93
993,Cass,Marsham,cmarshamrk@ted.com,12976.34
994,Briggs,Mc Pake,bmcpakerl@last.fm,
995,Saba,Trott,strottrm@rambler.ru,5214.49
996,Chase,McKoy,cmckoyrn@aboutads.info,10256.72
,Bentley,Ingerfield,,3193.11
998,Beth,Scola,bscolarp@ovh.net,12140.92
999,Abdel,Scapelhorn,ascapelhornrq@sogou.com,12769.83
1000,Mignon,Catonnet,mcatonnetrr@exblog.jp,3994.85
